"ID","Process ID","Process Name","Host Name","Kernel Name","Context","Stream","Block Size","Grid Size","Device","CC","Section Name","Body Item Label","Metric Name","Metric Unit","Metric Value","Rule Name","Rule Type","Rule Description","Estimated Speedup Type","Estimated Speedup"
"0","616","main.exe","127.0.0.1","applyConvolution(unsigned char *, unsigned char *, int, int, int, float *)","1","7","(256, 1, 1)","(1023, 1, 1)","0","8.6","GPU Speed Of Light Throughput","","DRAM Frequency","cycle/nsecond","9,24",
"0","616","main.exe","127.0.0.1","applyConvolution(unsigned char *, unsigned char *, int, int, int, float *)","1","7","(256, 1, 1)","(1023, 1, 1)","0","8.6","GPU Speed Of Light Throughput","","SM Frequency","cycle/nsecond","1,57",
"0","616","main.exe","127.0.0.1","applyConvolution(unsigned char *, unsigned char *, int, int, int, float *)","1","7","(256, 1, 1)","(1023, 1, 1)","0","8.6","GPU Speed Of Light Throughput","","Elapsed Cycles","cycle","1.744.321",
"0","616","main.exe","127.0.0.1","applyConvolution(unsigned char *, unsigned char *, int, int, int, float *)","1","7","(256, 1, 1)","(1023, 1, 1)","0","8.6","GPU Speed Of Light Throughput","","Memory Throughput","%","53,43",
"0","616","main.exe","127.0.0.1","applyConvolution(unsigned char *, unsigned char *, int, int, int, float *)","1","7","(256, 1, 1)","(1023, 1, 1)","0","8.6","GPU Speed Of Light Throughput","","DRAM Throughput","%","28,32",
"0","616","main.exe","127.0.0.1","applyConvolution(unsigned char *, unsigned char *, int, int, int, float *)","1","7","(256, 1, 1)","(1023, 1, 1)","0","8.6","GPU Speed Of Light Throughput","","Duration","msecond","1,11",
"0","616","main.exe","127.0.0.1","applyConvolution(unsigned char *, unsigned char *, int, int, int, float *)","1","7","(256, 1, 1)","(1023, 1, 1)","0","8.6","GPU Speed Of Light Throughput","","L1/TEX Cache Throughput","%","74,41",
"0","616","main.exe","127.0.0.1","applyConvolution(unsigned char *, unsigned char *, int, int, int, float *)","1","7","(256, 1, 1)","(1023, 1, 1)","0","8.6","GPU Speed Of Light Throughput","","Waves Per SM","","3,55",
"0","616","main.exe","127.0.0.1","applyConvolution(unsigned char *, unsigned char *, int, int, int, float *)","1","7","(256, 1, 1)","(1023, 1, 1)","0","8.6","GPU Speed Of Light Throughput","","L2 Cache Throughput","%","26,59",
"0","616","main.exe","127.0.0.1","applyConvolution(unsigned char *, unsigned char *, int, int, int, float *)","1","7","(256, 1, 1)","(1023, 1, 1)","0","8.6","GPU Speed Of Light Throughput","","SM Active Cycles","cycle","1.661.199,62",
"0","616","main.exe","127.0.0.1","applyConvolution(unsigned char *, unsigned char *, int, int, int, float *)","1","7","(256, 1, 1)","(1023, 1, 1)","0","8.6","GPU Speed Of Light Throughput","","Compute (SM) Throughput","%","53,43",
"0","616","main.exe","127.0.0.1","applyConvolution(unsigned char *, unsigned char *, int, int, int, float *)","1","7","(256, 1, 1)","(1023, 1, 1)","0","8.6","GPU Speed Of Light Throughput","GPU Throughput","Memory [%]","%","53,43",
"0","616","main.exe","127.0.0.1","applyConvolution(unsigned char *, unsigned char *, int, int, int, float *)","1","7","(256, 1, 1)","(1023, 1, 1)","0","8.6","GPU Speed Of Light Throughput","GPU Throughput","Compute (SM) [%]","%","53,43",
"0","616","main.exe","127.0.0.1","applyConvolution(unsigned char *, unsigned char *, int, int, int, float *)","1","7","(256, 1, 1)","(1023, 1, 1)","0","8.6","GPU Speed Of Light Throughput","Compute Throughput Breakdown","SM: Inst Executed Pipe Lsu","%","53,43",
"0","616","main.exe","127.0.0.1","applyConvolution(unsigned char *, unsigned char *, int, int, int, float *)","1","7","(256, 1, 1)","(1023, 1, 1)","0","8.6","GPU Speed Of Light Throughput","Compute Throughput Breakdown","SM: Inst Executed","%","49,89",
"0","616","main.exe","127.0.0.1","applyConvolution(unsigned char *, unsigned char *, int, int, int, float *)","1","7","(256, 1, 1)","(1023, 1, 1)","0","8.6","GPU Speed Of Light Throughput","Compute Throughput Breakdown","SM: Issue Active","%","49,90",
"0","616","main.exe","127.0.0.1","applyConvolution(unsigned char *, unsigned char *, int, int, int, float *)","1","7","(256, 1, 1)","(1023, 1, 1)","0","8.6","GPU Speed Of Light Throughput","Compute Throughput Breakdown","SM: Inst Executed Pipe Xu","%","45,25",
"0","616","main.exe","127.0.0.1","applyConvolution(unsigned char *, unsigned char *, int, int, int, float *)","1","7","(256, 1, 1)","(1023, 1, 1)","0","8.6","GPU Speed Of Light Throughput","Compute Throughput Breakdown","SM: Pipe Alu Cycles Active","%","33,61",
"0","616","main.exe","127.0.0.1","applyConvolution(unsigned char *, unsigned char *, int, int, int, float *)","1","7","(256, 1, 1)","(1023, 1, 1)","0","8.6","GPU Speed Of Light Throughput","Compute Throughput Breakdown","SM: Pipe Fmaheavy Cycles Active","%","19,39",
"0","616","main.exe","127.0.0.1","applyConvolution(unsigned char *, unsigned char *, int, int, int, float *)","1","7","(256, 1, 1)","(1023, 1, 1)","0","8.6","GPU Speed Of Light Throughput","Compute Throughput Breakdown","SM: Mio Inst Issued","%","17,82",
"0","616","main.exe","127.0.0.1","applyConvolution(unsigned char *, unsigned char *, int, int, int, float *)","1","7","(256, 1, 1)","(1023, 1, 1)","0","8.6","GPU Speed Of Light Throughput","Compute Throughput Breakdown","SM: Pipe Fma Cycles Active","%","14,24",
"0","616","main.exe","127.0.0.1","applyConvolution(unsigned char *, unsigned char *, int, int, int, float *)","1","7","(256, 1, 1)","(1023, 1, 1)","0","8.6","GPU Speed Of Light Throughput","Compute Throughput Breakdown","SM: Mio2rf Writeback Active","%","13,03",
"0","616","main.exe","127.0.0.1","applyConvolution(unsigned char *, unsigned char *, int, int, int, float *)","1","7","(256, 1, 1)","(1023, 1, 1)","0","8.6","GPU Speed Of Light Throughput","Compute Throughput Breakdown","SM: Inst Executed Pipe Cbu Pred On Any","%","12,40",
"0","616","main.exe","127.0.0.1","applyConvolution(unsigned char *, unsigned char *, int, int, int, float *)","1","7","(256, 1, 1)","(1023, 1, 1)","0","8.6","GPU Speed Of Light Throughput","Compute Throughput Breakdown","SM: Mio Pq Read Cycles Active","%","2,05",
"0","616","main.exe","127.0.0.1","applyConvolution(unsigned char *, unsigned char *, int, int, int, float *)","1","7","(256, 1, 1)","(1023, 1, 1)","0","8.6","GPU Speed Of Light Throughput","Compute Throughput Breakdown","SM: Mio Pq Write Cycles Active","%","2,05",
"0","616","main.exe","127.0.0.1","applyConvolution(unsigned char *, unsigned char *, int, int, int, float *)","1","7","(256, 1, 1)","(1023, 1, 1)","0","8.6","GPU Speed Of Light Throughput","Compute Throughput Breakdown","IDC: Request Cycles Active","%","0",
"0","616","main.exe","127.0.0.1","applyConvolution(unsigned char *, unsigned char *, int, int, int, float *)","1","7","(256, 1, 1)","(1023, 1, 1)","0","8.6","GPU Speed Of Light Throughput","Compute Throughput Breakdown","SM: Inst Executed Pipe Adu","%","0,01",
"0","616","main.exe","127.0.0.1","applyConvolution(unsigned char *, unsigned char *, int, int, int, float *)","1","7","(256, 1, 1)","(1023, 1, 1)","0","8.6","GPU Speed Of Light Throughput","Compute Throughput Breakdown","SM: Inst Executed Pipe Ipa","%","0",
"0","616","main.exe","127.0.0.1","applyConvolution(unsigned char *, unsigned char *, int, int, int, float *)","1","7","(256, 1, 1)","(1023, 1, 1)","0","8.6","GPU Speed Of Light Throughput","Compute Throughput Breakdown","SM: Inst Executed Pipe Tex","%","0",
"0","616","main.exe","127.0.0.1","applyConvolution(unsigned char *, unsigned char *, int, int, int, float *)","1","7","(256, 1, 1)","(1023, 1, 1)","0","8.6","GPU Speed Of Light Throughput","Compute Throughput Breakdown","SM: Inst Executed Pipe Uniform","%","0,00",
"0","616","main.exe","127.0.0.1","applyConvolution(unsigned char *, unsigned char *, int, int, int, float *)","1","7","(256, 1, 1)","(1023, 1, 1)","0","8.6","GPU Speed Of Light Throughput","Compute Throughput Breakdown","SM: Pipe Fp64 Cycles Active","%","0",
"0","616","main.exe","127.0.0.1","applyConvolution(unsigned char *, unsigned char *, int, int, int, float *)","1","7","(256, 1, 1)","(1023, 1, 1)","0","8.6","GPU Speed Of Light Throughput","Compute Throughput Breakdown","SM: Pipe Tensor Cycles Active","%","0",
"0","616","main.exe","127.0.0.1","applyConvolution(unsigned char *, unsigned char *, int, int, int, float *)","1","7","(256, 1, 1)","(1023, 1, 1)","0","8.6","GPU Speed Of Light Throughput","Memory Throughput Breakdown","L1: Lsuin Requests","%","53,43",
"0","616","main.exe","127.0.0.1","applyConvolution(unsigned char *, unsigned char *, int, int, int, float *)","1","7","(256, 1, 1)","(1023, 1, 1)","0","8.6","GPU Speed Of Light Throughput","Memory Throughput Breakdown","L1: Data Pipe Lsu Wavefronts","%","29,05",
"0","616","main.exe","127.0.0.1","applyConvolution(unsigned char *, unsigned char *, int, int, int, float *)","1","7","(256, 1, 1)","(1023, 1, 1)","0","8.6","GPU Speed Of Light Throughput","Memory Throughput Breakdown","DRAM: Cycles Active","%","28,32",
"0","616","main.exe","127.0.0.1","applyConvolution(unsigned char *, unsigned char *, int, int, int, float *)","1","7","(256, 1, 1)","(1023, 1, 1)","0","8.6","GPU Speed Of Light Throughput","Memory Throughput Breakdown","L1: Lsu Writeback Active","%","26,13",
"0","616","main.exe","127.0.0.1","applyConvolution(unsigned char *, unsigned char *, int, int, int, float *)","1","7","(256, 1, 1)","(1023, 1, 1)","0","8.6","GPU Speed Of Light Throughput","Memory Throughput Breakdown","L2: T Sectors","%","26,59",
"0","616","main.exe","127.0.0.1","applyConvolution(unsigned char *, unsigned char *, int, int, int, float *)","1","7","(256, 1, 1)","(1023, 1, 1)","0","8.6","GPU Speed Of Light Throughput","Memory Throughput Breakdown","L2: Xbar2lts Cycles Active","%","26,11",
"0","616","main.exe","127.0.0.1","applyConvolution(unsigned char *, unsigned char *, int, int, int, float *)","1","7","(256, 1, 1)","(1023, 1, 1)","0","8.6","GPU Speed Of Light Throughput","Memory Throughput Breakdown","DRAM: Dram Sectors","%","21,81",
"0","616","main.exe","127.0.0.1","applyConvolution(unsigned char *, unsigned char *, int, int, int, float *)","1","7","(256, 1, 1)","(1023, 1, 1)","0","8.6","GPU Speed Of Light Throughput","Memory Throughput Breakdown","L2: T Tag Requests","%","14,34",
"0","616","main.exe","127.0.0.1","applyConvolution(unsigned char *, unsigned char *, int, int, int, float *)","1","7","(256, 1, 1)","(1023, 1, 1)","0","8.6","GPU Speed Of Light Throughput","Memory Throughput Breakdown","L2: Lts2xbar Cycles Active","%","13,74",
"0","616","main.exe","127.0.0.1","applyConvolution(unsigned char *, unsigned char *, int, int, int, float *)","1","7","(256, 1, 1)","(1023, 1, 1)","0","8.6","GPU Speed Of Light Throughput","Memory Throughput Breakdown","L1: M L1tex2xbar Req Cycles Active","%","11,99",
"0","616","main.exe","127.0.0.1","applyConvolution(unsigned char *, unsigned char *, int, int, int, float *)","1","7","(256, 1, 1)","(1023, 1, 1)","0","8.6","GPU Speed Of Light Throughput","Memory Throughput Breakdown","L2: D Sectors","%","9,37",
"0","616","main.exe","127.0.0.1","applyConvolution(unsigned char *, unsigned char *, int, int, int, float *)","1","7","(256, 1, 1)","(1023, 1, 1)","0","8.6","GPU Speed Of Light Throughput","Memory Throughput Breakdown","L1: Data Bank Reads","%","8,64",
"0","616","main.exe","127.0.0.1","applyConvolution(unsigned char *, unsigned char *, int, int, int, float *)","1","7","(256, 1, 1)","(1023, 1, 1)","0","8.6","GPU Speed Of Light Throughput","Memory Throughput Breakdown","L2: D Sectors Fill Device","%","7,32",
"0","616","main.exe","127.0.0.1","applyConvolution(unsigned char *, unsigned char *, int, int, int, float *)","1","7","(256, 1, 1)","(1023, 1, 1)","0","8.6","GPU Speed Of Light Throughput","Memory Throughput Breakdown","L1: M Xbar2l1tex Read Sectors","%","6,56",
"0","616","main.exe","127.0.0.1","applyConvolution(unsigned char *, unsigned char *, int, int, int, float *)","1","7","(256, 1, 1)","(1023, 1, 1)","0","8.6","GPU Speed Of Light Throughput","Memory Throughput Breakdown","L1: Data Bank Writes","%","1,59",
"0","616","main.exe","127.0.0.1","applyConvolution(unsigned char *, unsigned char *, int, int, int, float *)","1","7","(256, 1, 1)","(1023, 1, 1)","0","8.6","GPU Speed Of Light Throughput","Memory Throughput Breakdown","L1: Data Pipe Tex Wavefronts","%","0",
"0","616","main.exe","127.0.0.1","applyConvolution(unsigned char *, unsigned char *, int, int, int, float *)","1","7","(256, 1, 1)","(1023, 1, 1)","0","8.6","GPU Speed Of Light Throughput","Memory Throughput Breakdown","L1: F Wavefronts","%","0",
"0","616","main.exe","127.0.0.1","applyConvolution(unsigned char *, unsigned char *, int, int, int, float *)","1","7","(256, 1, 1)","(1023, 1, 1)","0","8.6","GPU Speed Of Light Throughput","Memory Throughput Breakdown","L1: Tex Writeback Active","%","0",
"0","616","main.exe","127.0.0.1","applyConvolution(unsigned char *, unsigned char *, int, int, int, float *)","1","7","(256, 1, 1)","(1023, 1, 1)","0","8.6","GPU Speed Of Light Throughput","Memory Throughput Breakdown","L1: Texin Sm2tex Req Cycles Active","%","0,00",
"0","616","main.exe","127.0.0.1","applyConvolution(unsigned char *, unsigned char *, int, int, int, float *)","1","7","(256, 1, 1)","(1023, 1, 1)","0","8.6","GPU Speed Of Light Throughput","Memory Throughput Breakdown","L2: D Atomic Input Cycles Active","%","0",
"0","616","main.exe","127.0.0.1","applyConvolution(unsigned char *, unsigned char *, int, int, int, float *)","1","7","(256, 1, 1)","(1023, 1, 1)","0","8.6","GPU Speed Of Light Throughput","Memory Throughput Breakdown","L2: D Sectors Fill Sysmem","%","0,00",
"0","616","main.exe","127.0.0.1","applyConvolution(unsigned char *, unsigned char *, int, int, int, float *)","1","7","(256, 1, 1)","(1023, 1, 1)","0","8.6","SpeedOfLight","","","","","SOLBottleneck","OPT","This kernel exhibits low compute throughput and memory bandwidth utilization relative to the peak performance of this device. Achieved compute throughput and/or memory bandwidth below 60.0% of peak typically indicate latency issues. Look at Scheduler Statistics and Warp State Statistics for potential reasons.","",""
"0","616","main.exe","127.0.0.1","applyConvolution(unsigned char *, unsigned char *, int, int, int, float *)","1","7","(256, 1, 1)","(1023, 1, 1)","0","8.6","Launch Statistics","","Block Size","","256",
"0","616","main.exe","127.0.0.1","applyConvolution(unsigned char *, unsigned char *, int, int, int, float *)","1","7","(256, 1, 1)","(1023, 1, 1)","0","8.6","Launch Statistics","","Function Cache Configuration","","CachePreferNone",
"0","616","main.exe","127.0.0.1","applyConvolution(unsigned char *, unsigned char *, int, int, int, float *)","1","7","(256, 1, 1)","(1023, 1, 1)","0","8.6","Launch Statistics","","Grid Size","","1.023",
"0","616","main.exe","127.0.0.1","applyConvolution(unsigned char *, unsigned char *, int, int, int, float *)","1","7","(256, 1, 1)","(1023, 1, 1)","0","8.6","Launch Statistics","","Registers Per Thread","register/thread","24",
"0","616","main.exe","127.0.0.1","applyConvolution(unsigned char *, unsigned char *, int, int, int, float *)","1","7","(256, 1, 1)","(1023, 1, 1)","0","8.6","Launch Statistics","","Shared Memory Configuration Size","Kbyte","8,19",
"0","616","main.exe","127.0.0.1","applyConvolution(unsigned char *, unsigned char *, int, int, int, float *)","1","7","(256, 1, 1)","(1023, 1, 1)","0","8.6","Launch Statistics","","Driver Shared Memory Per Block","Kbyte/block","1,02",
"0","616","main.exe","127.0.0.1","applyConvolution(unsigned char *, unsigned char *, int, int, int, float *)","1","7","(256, 1, 1)","(1023, 1, 1)","0","8.6","Launch Statistics","","Dynamic Shared Memory Per Block","byte/block","0",
"0","616","main.exe","127.0.0.1","applyConvolution(unsigned char *, unsigned char *, int, int, int, float *)","1","7","(256, 1, 1)","(1023, 1, 1)","0","8.6","Launch Statistics","","Static Shared Memory Per Block","byte/block","0",
"0","616","main.exe","127.0.0.1","applyConvolution(unsigned char *, unsigned char *, int, int, int, float *)","1","7","(256, 1, 1)","(1023, 1, 1)","0","8.6","Launch Statistics","","# SMs","SM","48",
"0","616","main.exe","127.0.0.1","applyConvolution(unsigned char *, unsigned char *, int, int, int, float *)","1","7","(256, 1, 1)","(1023, 1, 1)","0","8.6","Launch Statistics","","Threads","thread","261.888",
"0","616","main.exe","127.0.0.1","applyConvolution(unsigned char *, unsigned char *, int, int, int, float *)","1","7","(256, 1, 1)","(1023, 1, 1)","0","8.6","Launch Statistics","","Uses Green Context","","0",
"0","616","main.exe","127.0.0.1","applyConvolution(unsigned char *, unsigned char *, int, int, int, float *)","1","7","(256, 1, 1)","(1023, 1, 1)","0","8.6","Launch Statistics","","Waves Per SM","","3,55",
"0","616","main.exe","127.0.0.1","applyConvolution(unsigned char *, unsigned char *, int, int, int, float *)","1","7","(256, 1, 1)","(1023, 1, 1)","0","8.6","Launch Statistics","","Theoretical Occupancy","%","100",
"0","616","main.exe","127.0.0.1","applyConvolution(unsigned char *, unsigned char *, int, int, int, float *)","1","7","(256, 1, 1)","(1023, 1, 1)","0","8.6","Launch Statistics","","Achieved Occupancy","%","91,15",
"0","616","main.exe","127.0.0.1","applyConvolution(unsigned char *, unsigned char *, int, int, int, float *)","1","7","(256, 1, 1)","(1023, 1, 1)","0","8.6","Occupancy","","Block Limit SM","block","16",
"0","616","main.exe","127.0.0.1","applyConvolution(unsigned char *, unsigned char *, int, int, int, float *)","1","7","(256, 1, 1)","(1023, 1, 1)","0","8.6","Occupancy","","Block Limit Registers","block","10",
"0","616","main.exe","127.0.0.1","applyConvolution(unsigned char *, unsigned char *, int, int, int, float *)","1","7","(256, 1, 1)","(1023, 1, 1)","0","8.6","Occupancy","","Block Limit Shared Mem","block","8",
"0","616","main.exe","127.0.0.1","applyConvolution(unsigned char *, unsigned char *, int, int, int, float *)","1","7","(256, 1, 1)","(1023, 1, 1)","0","8.6","Occupancy","","Block Limit Warps","block","6",
"0","616","main.exe","127.0.0.1","applyConvolution(unsigned char *, unsigned char *, int, int, int, float *)","1","7","(256, 1, 1)","(1023, 1, 1)","0","8.6","Occupancy","","Theoretical Active Warps per SM","warp","48",
"0","616","main.exe","127.0.0.1","applyConvolution(unsigned char *, unsigned char *, int, int, int, float *)","1","7","(256, 1, 1)","(1023, 1, 1)","0","8.6","Occupancy","","Theoretical Occupancy","%","100",
"0","616","main.exe","127.0.0.1","applyConvolution(unsigned char *, unsigned char *, int, int, int, float *)","1","7","(256, 1, 1)","(1023, 1, 1)","0","8.6","Occupancy","","Achieved Occupancy","%","91,15",
"0","616","main.exe","127.0.0.1","applyConvolution(unsigned char *, unsigned char *, int, int, int, float *)","1","7","(256, 1, 1)","(1023, 1, 1)","0","8.6","Occupancy","","Achieved Active Warps Per SM","warp","43,75",
"0","616","main.exe","127.0.0.1","applyConvolution(unsigned char *, unsigned char *, int, int, int, float *)","1","7","(256, 1, 1)","(1023, 1, 1)","0","8.6","Occupancy","","Theoretical Warps Per Scheduler","warp","12",
"0","616","main.exe","127.0.0.1","applyConvolution(unsigned char *, unsigned char *, int, int, int, float *)","1","7","(256, 1, 1)","(1023, 1, 1)","0","8.6","Occupancy","","GPU Maximum Warps Per Scheduler","warp","12",
"0","616","main.exe","127.0.0.1","applyConvolution(unsigned char *, unsigned char *, int, int, int, float *)","1","7","(256, 1, 1)","(1023, 1, 1)","0","8.6","Occupancy","Impact of Varying Register Count Per Thread","Warp Occupancy Per Register Count","","4.976 (48; 48; 48; 48; 48; 48; 48; 48; 48; 48; 48; 48; 48; 48; 48; 48; 48; 48; 48; 48; 48; 48; 48; 48; 48; 48; 48; 48; 48; 48; 48; 48; 48; 48; 48; 48; 48; 48; 48; 48; 48; 40; 40; 40; 40; 40; 40; 40; 40; 32; 32; 32; 32; 32; 32; 32; 32; 32; 32; 32; 32; 32; 32; 32; 32; 24; 24; 24; 24; 24; 24; 24; 24; 24; 24; 24; 24; 24; 24; 24; 24; 16; 16; 16; 16; 16; 16; 16; 16; 16; 16; 16; 16; 16; 16; 16; 16; 16; 16; 16; 16; 16; 16; 16; 16; 16; 16; 16; 16; 16; 16; 16; 16; 16; 16; 16; 16; 16; 16; 16; 16; 16; 16; 16; 16; 16; 16; 16; 16; 8; 8; 8; 8; 8; 8; 8; 8; 8; 8; 8; 8; 8; 8; 8; 8; 8; 8; 8; 8; 8; 8; 8; 8; 8; 8; 8; 8; 8; 8; 8; 8; 8; 8; 8; 8; 8; 8; 8; 8; 8; 8; 8; 8; 8; 8; 8; 8; 8; 8; 8; 8; 8; 8; 8; 8; 8; 8; 8; 8; 8; 8; 8; 8; 8; 8; 8; 8; 8; 8; 8; 8; 8; 8; 8; 8; 8; 8; 8; 8; 8; 8; 8; 8; 8; 8; 8; 8; 8; 8; 8; 8; 8; 8; 8; 8; 8; 8; 8; 8; 8; 8; 8; 8; 8; 8; 8; 8; 8; 8; 8; 8; 8; 8; 8; 8; 8; 8; 8; 8; 8; 8; 8; 8; 8; 8; 8; 8)",
"0","616","main.exe","127.0.0.1","applyConvolution(unsigned char *, unsigned char *, int, int, int, float *)","1","7","(256, 1, 1)","(1023, 1, 1)","0","8.6","Occupancy","Impact of Varying Register Count Per Thread","Registers Per Thread","register/thread","24",
"0","616","main.exe","127.0.0.1","applyConvolution(unsigned char *, unsigned char *, int, int, int, float *)","1","7","(256, 1, 1)","(1023, 1, 1)","0","8.6","Occupancy","Impact of Varying Block Size","Block Size","","256",
"0","616","main.exe","127.0.0.1","applyConvolution(unsigned char *, unsigned char *, int, int, int, float *)","1","7","(256, 1, 1)","(1023, 1, 1)","0","8.6","Occupancy","Impact of Varying Block Size","Warp Occupancy Per Block Size","","2.338 (8; 8; 8; 16; 16; 24; 24; 32; 32; 40; 40; 48; 48; 42; 42; 48; 48; 45; 45; 40; 40; 44; 44; 48; 48; 39; 39; 42; 42; 45; 45; 48; 48; 34; 34; 36; 36; 38; 38; 40; 40; 42; 42; 44; 44; 46; 46; 48; 48; 25; 25; 26; 26; 27; 27; 28; 28; 29; 29; 30; 30; 31; 31; 32; 32)",
"0","616","main.exe","127.0.0.1","applyConvolution(unsigned char *, unsigned char *, int, int, int, float *)","1","7","(256, 1, 1)","(1023, 1, 1)","0","8.6","Occupancy","Impact of Varying Shared Memory Usage Per Block","Warp Occupancy Per Shared Mem Size","","992 (48; 48; 48; 40; 32; 24; 16; 16; 16; 8; 8; 8; 8; 8; 8; 8; 8; 8; 8; 8; 8; 8; 8; 8; 8; 8; 8; 8; 8; 8; 8; 8; 8; 8; 8; 8; 8; 8; 8; 8; 8; 8; 8; 8; 8; 8; 8; 8; 8; 8; 8; 8; 8; 8; 8; 8; 8; 8; 8; 8; 8; 8; 8; 8; 8; 8; 8; 8; 8; 8; 8; 8; 8; 8; 8; 8; 8; 8; 8; 8; 8; 8; 8; 8; 8; 8; 8; 8; 8; 8; 8; 8; 8; 8; 8; 8; 8; 0; 0; 0; 0; 0; 0; 0; 0; 0; 0; 0; 0; 0; 0; 0; 0; 0; 0; 0; 0; 0; 0; 0; 0; 0; 0; 0; 0; 0; 0; 0; 0; 0; 0; 0; 0; 0; 0; 0; 0; 0; 0; 0; 0; 0; 0; 0; 0; 0; 0; 0; 0; 0; 0; 0; 0; 0; 0; 0; 0; 0; 0; 0; 0; 0; 0; 0; 0; 0; 0; 0; 0; 0; 0; 0; 0; 0; 0; 0; 0; 0; 0; 0; 0; 0; 0; 0; 0; 0; 0; 0; 0; 0; 0; 0; 0; 0; 0; 0; 0; 0; 0; 0)",
"0","616","main.exe","127.0.0.1","applyConvolution(unsigned char *, unsigned char *, int, int, int, float *)","1","7","(256, 1, 1)","(1023, 1, 1)","0","8.6","Occupancy","Impact of Varying Shared Memory Usage Per Block","Shared Memory Per Block","Kbyte/block","1,02",
"0","616","main.exe","127.0.0.1","applyConvolution(unsigned char *, unsigned char *, int, int, int, float *)","1","7","(256, 1, 1)","(1023, 1, 1)","0","8.6","GPU and Memory Workload Distribution","","Average DRAM Active Cycles","cycle","2.899.362",
"0","616","main.exe","127.0.0.1","applyConvolution(unsigned char *, unsigned char *, int, int, int, float *)","1","7","(256, 1, 1)","(1023, 1, 1)","0","8.6","GPU and Memory Workload Distribution","","Total DRAM Elapsed Cycles","cycle","81.901.568",
"0","616","main.exe","127.0.0.1","applyConvolution(unsigned char *, unsigned char *, int, int, int, float *)","1","7","(256, 1, 1)","(1023, 1, 1)","0","8.6","GPU and Memory Workload Distribution","","Average L1 Active Cycles","cycle","1.661.199,62",
"0","616","main.exe","127.0.0.1","applyConvolution(unsigned char *, unsigned char *, int, int, int, float *)","1","7","(256, 1, 1)","(1023, 1, 1)","0","8.6","GPU and Memory Workload Distribution","","Total L1 Elapsed Cycles","cycle","111.034.368",
"0","616","main.exe","127.0.0.1","applyConvolution(unsigned char *, unsigned char *, int, int, int, float *)","1","7","(256, 1, 1)","(1023, 1, 1)","0","8.6","GPU and Memory Workload Distribution","","Average L2 Active Cycles","cycle","1.585.420,50",
"0","616","main.exe","127.0.0.1","applyConvolution(unsigned char *, unsigned char *, int, int, int, float *)","1","7","(256, 1, 1)","(1023, 1, 1)","0","8.6","GPU and Memory Workload Distribution","","Total L2 Elapsed Cycles","cycle","53.163.424",
"0","616","main.exe","127.0.0.1","applyConvolution(unsigned char *, unsigned char *, int, int, int, float *)","1","7","(256, 1, 1)","(1023, 1, 1)","0","8.6","GPU and Memory Workload Distribution","","Average SM Active Cycles","cycle","1.661.199,62",
"0","616","main.exe","127.0.0.1","applyConvolution(unsigned char *, unsigned char *, int, int, int, float *)","1","7","(256, 1, 1)","(1023, 1, 1)","0","8.6","GPU and Memory Workload Distribution","","Total SM Elapsed Cycles","cycle","111.034.368",
"0","616","main.exe","127.0.0.1","applyConvolution(unsigned char *, unsigned char *, int, int, int, float *)","1","7","(256, 1, 1)","(1023, 1, 1)","0","8.6","GPU and Memory Workload Distribution","","Average SMSP Active Cycles","cycle","1.659.793,33",
"0","616","main.exe","127.0.0.1","applyConvolution(unsigned char *, unsigned char *, int, int, int, float *)","1","7","(256, 1, 1)","(1023, 1, 1)","0","8.6","GPU and Memory Workload Distribution","","Total SMSP Elapsed Cycles","cycle","444.137.472",
"0","616","main.exe","127.0.0.1","applyConvolution(unsigned char *, unsigned char *, int, int, int, float *)","1","7","(256, 1, 1)","(1023, 1, 1)","0","8.6","GPU and Memory Workload Distribution","Workload Distribution","DRAM Active Cycles","cycle","2.899.362",
"0","616","main.exe","127.0.0.1","applyConvolution(unsigned char *, unsigned char *, int, int, int, float *)","1","7","(256, 1, 1)","(1023, 1, 1)","0","8.6","GPU and Memory Workload Distribution","Workload Distribution","DRAM Active Cycles","cycle","2.904.064",
"0","616","main.exe","127.0.0.1","applyConvolution(unsigned char *, unsigned char *, int, int, int, float *)","1","7","(256, 1, 1)","(1023, 1, 1)","0","8.6","GPU and Memory Workload Distribution","Workload Distribution","DRAM Active Cycles","cycle","2.895.056",
"0","616","main.exe","127.0.0.1","applyConvolution(unsigned char *, unsigned char *, int, int, int, float *)","1","7","(256, 1, 1)","(1023, 1, 1)","0","8.6","GPU and Memory Workload Distribution","Workload Distribution","DRAM Active Cycles","cycle","23.194.896",
"0","616","main.exe","127.0.0.1","applyConvolution(unsigned char *, unsigned char *, int, int, int, float *)","1","7","(256, 1, 1)","(1023, 1, 1)","0","8.6","GPU and Memory Workload Distribution","Workload Distribution","L1 Active Cycles","cycle","1.661.199,62",
"0","616","main.exe","127.0.0.1","applyConvolution(unsigned char *, unsigned char *, int, int, int, float *)","1","7","(256, 1, 1)","(1023, 1, 1)","0","8.6","GPU and Memory Workload Distribution","Workload Distribution","L1 Active Cycles","cycle","1.747.522",
"0","616","main.exe","127.0.0.1","applyConvolution(unsigned char *, unsigned char *, int, int, int, float *)","1","7","(256, 1, 1)","(1023, 1, 1)","0","8.6","GPU and Memory Workload Distribution","Workload Distribution","L1 Active Cycles","cycle","1.570.201",
"0","616","main.exe","127.0.0.1","applyConvolution(unsigned char *, unsigned char *, int, int, int, float *)","1","7","(256, 1, 1)","(1023, 1, 1)","0","8.6","GPU and Memory Workload Distribution","Workload Distribution","L1 Active Cycles","cycle","79.737.582",
"0","616","main.exe","127.0.0.1","applyConvolution(unsigned char *, unsigned char *, int, int, int, float *)","1","7","(256, 1, 1)","(1023, 1, 1)","0","8.6","GPU and Memory Workload Distribution","Workload Distribution","L2 Active Cycles","cycle","1.585.420,50",
"0","616","main.exe","127.0.0.1","applyConvolution(unsigned char *, unsigned char *, int, int, int, float *)","1","7","(256, 1, 1)","(1023, 1, 1)","0","8.6","GPU and Memory Workload Distribution","Workload Distribution","L2 Active Cycles","cycle","1.595.115",
"0","616","main.exe","127.0.0.1","applyConvolution(unsigned char *, unsigned char *, int, int, int, float *)","1","7","(256, 1, 1)","(1023, 1, 1)","0","8.6","GPU and Memory Workload Distribution","Workload Distribution","L2 Active Cycles","cycle","1.582.764",
"0","616","main.exe","127.0.0.1","applyConvolution(unsigned char *, unsigned char *, int, int, int, float *)","1","7","(256, 1, 1)","(1023, 1, 1)","0","8.6","GPU and Memory Workload Distribution","Workload Distribution","L2 Active Cycles","cycle","50.733.456",
"0","616","main.exe","127.0.0.1","applyConvolution(unsigned char *, unsigned char *, int, int, int, float *)","1","7","(256, 1, 1)","(1023, 1, 1)","0","8.6","GPU and Memory Workload Distribution","Workload Distribution","SM Active Cycles","cycle","1.661.199,62",
"0","616","main.exe","127.0.0.1","applyConvolution(unsigned char *, unsigned char *, int, int, int, float *)","1","7","(256, 1, 1)","(1023, 1, 1)","0","8.6","GPU and Memory Workload Distribution","Workload Distribution","SM Active Cycles","cycle","1.747.522",
"0","616","main.exe","127.0.0.1","applyConvolution(unsigned char *, unsigned char *, int, int, int, float *)","1","7","(256, 1, 1)","(1023, 1, 1)","0","8.6","GPU and Memory Workload Distribution","Workload Distribution","SM Active Cycles","cycle","1.570.201",
"0","616","main.exe","127.0.0.1","applyConvolution(unsigned char *, unsigned char *, int, int, int, float *)","1","7","(256, 1, 1)","(1023, 1, 1)","0","8.6","GPU and Memory Workload Distribution","Workload Distribution","SM Active Cycles","cycle","79.737.582",
"0","616","main.exe","127.0.0.1","applyConvolution(unsigned char *, unsigned char *, int, int, int, float *)","1","7","(256, 1, 1)","(1023, 1, 1)","0","8.6","GPU and Memory Workload Distribution","Workload Distribution","SMSP Active Cycles","cycle","1.659.793,33",
"0","616","main.exe","127.0.0.1","applyConvolution(unsigned char *, unsigned char *, int, int, int, float *)","1","7","(256, 1, 1)","(1023, 1, 1)","0","8.6","GPU and Memory Workload Distribution","Workload Distribution","SMSP Active Cycles","cycle","1.747.504",
"0","616","main.exe","127.0.0.1","applyConvolution(unsigned char *, unsigned char *, int, int, int, float *)","1","7","(256, 1, 1)","(1023, 1, 1)","0","8.6","GPU and Memory Workload Distribution","Workload Distribution","SMSP Active Cycles","cycle","1.568.936",
"0","616","main.exe","127.0.0.1","applyConvolution(unsigned char *, unsigned char *, int, int, int, float *)","1","7","(256, 1, 1)","(1023, 1, 1)","0","8.6","GPU and Memory Workload Distribution","Workload Distribution","SMSP Active Cycles","cycle","318.680.320",